customer_id,customer_name,purchase_date,product_category,amount_spent
1.0,,2024-05-20,Clothing,26.75
2.0,Mary Smith,10/29/2024,Electronics,-33.61
3.0,John Doe,2024-10-14,Books,307.44
4.0,Tom Wilson,2024-01-04,Books,182.44
5.0,Emily Davis,2024-02-22,Furniture,3.19
6.0,John Doe,2024/08/23,Electronics,485.21
7.0,Emily Davis,2024-10-22,Books,-11.74
8.0,Mary Smith,2024-04-29,Furniture,102.89
9.0,Emily Davis,2024-06-30,Books,96.84
10.0,Robert Johnson,2024/09/30,Clothing,39.87
11.0,Alice Brown,12/16/2024,Electronics,75.98
12.0,Tom Wilson,2024-02-03,Beauty,432.0
13.0,Chris Taylor,11/25/2024,Clothing,95.68
14.0,Tom Wilson,10/26/2024,Beauty,169.67
15.0,Michael Clark,2024-02-16,Electronics,34.06
16.0,Mary Smith,07/16/2024,Beauty,497.87
17.0,John Doe,2024/12/14,Electronics,324.94
18.0,Emily Davis,02/27/2024,Furniture,36.99
,Tom Wilson,2024-09-13,Beauty,451.95
20.0,Alice Brown,03/19/2024,Clothing,246.66
21.0,John Doe,11/02/2024,Furniture,-39.29
22.0,Tom Wilson,2024-05-02,Clothing,432.91
23.0,Michael Clark,2024/02/05,Clothing,20.62
24.0,Tom Wilson,2024/09/27,Furniture,480.4
25.0,Alice Brown,12/31/2024,Furniture,497.33
26.0,Michael Clark,2024-03-02,Clothing,-14.79
27.0,Alice Brown,2024-01-04,Books,297.11
28.0,Emily Davis,2024/02/06,Clothing,103.16
29.0,Michael Clark,05/04/2024,Furniture,54.73
30.0,Chris Taylor,07/29/2024,Books,-20.21
31.0,John Doe,2024/07/25,Groceries,390.33
32.0,Michael Clark,03/12/2024,Clothing,103.2
33.0,Michael Clark,2024-10-08,Electronics,308.68
34.0,,2024-02-17,Clothing,173.53
35.0,John Doe,03/25/2024,Electronics,491.92
36.0,Michael Clark,05/26/2024,Books,476.52
37.0,Michael Clark,2024-03-20,Groceries,69.74
38.0,John Doe,2024-06-09,Electronics,271.3
39.0,Robert Johnson,2024/01/30,Electronics,418.24
40.0,Alice Brown,2024-07-25,Beauty,85.42
41.0,Chris Taylor,2024/12/02,Beauty,237.53
42.0,Emily Davis,05/02/2024,Furniture,21.98
43.0,Mary Smith,01/05/2024,Beauty,499.15
44.0,Alice Brown,09/16/2024,Clothing,463.29
45.0,Emily Davis,2024-05-25,Furniture,408.56
46.0,John Doe,2024/12/07,Groceries,462.47
47.0,Tom Wilson,2024-02-29,Books,254.27
48.0,Emily Davis,2024/04/14,Books,419.1
49.0,John Doe,2024/02/17,Furniture,406.14
50.0,Robert Johnson,11/22/2024,Clothing,357.68
51.0,John Doe,2024-02-27,Books,447.16
52.0,Robert Johnson,2024-08-08,Electronics,119.54
53.0,John Doe,2024-07-02,Books,87.24
54.0,Chris Taylor,2024/11/13,Clothing,459.17
55.0,Robert Johnson,2024-07-30,Clothing,355.11
56.0,Alice Brown,2024-05-16,Books,9.45
57.0,Alice Brown,04/12/2024,Groceries,117.85
58.0,John Doe,2024-12-03,Furniture,130.54
59.0,Tom Wilson,2024/06/28,Beauty,169.82
60.0,John Doe,02/29/2024,Clothing,269.32
61.0,,11/01/2024,Groceries,350.7
62.0,Mary Smith,2024/07/16,Clothing,90.1
63.0,,2024/10/02,Books,467.14
64.0,Chris Taylor,2024/02/05,Groceries,292.74
65.0,Tom Wilson,09/16/2024,Books,174.62
66.0,Robert Johnson,04/08/2024,Books,467.2
67.0,Tom Wilson,2024/07/26,Electronics,117.13
68.0,Emily Davis,08/26/2024,Furniture,321.59
69.0,Robert Johnson,2024-12-03,Groceries,233.5
70.0,Alice Brown,12/10/2024,Clothing,393.61
71.0,,2024/08/31,Electronics,200.48
72.0,Chris Taylor,09/10/2024,Clothing,31.16
73.0,Mary Smith,2024-08-05,Clothing,392.26
74.0,Alice Brown,03/03/2024,Clothing,390.78
75.0,Emily Davis,2024/08/14,Books,440.61
76.0,Michael Clark,2024/03/22,Furniture,197.54
77.0,Tom Wilson,09/23/2024,Books,81.59
78.0,Alice Brown,05/19/2024,Groceries,441.16
79.0,Chris Taylor,2024-12-21,Books,67.67
80.0,Michael Clark,2024-07-31,Clothing,408.09
81.0,John Doe,10/21/2024,Furniture,-46.76
82.0,Chris Taylor,2024/10/02,Books,250.37
83.0,Alice Brown,05/19/2024,Furniture,-34.04
84.0,Chris Taylor,03/25/2024,Clothing,489.4
85.0,John Doe,2024/02/12,Furniture,24.63
86.0,Chris Taylor,2024-06-16,Furniture,129.77
87.0,Chris Taylor,2024-05-09,Furniture,-39.34
88.0,Emily Davis,2024/04/24,Electronics,379.68
89.0,Alice Brown,2024-04-12,Beauty,33.81
90.0,Alice Brown,2024/08/26,Groceries,371.79
91.0,Mary Smith,03/24/2024,Electronics,268.28
92.0,Chris Taylor,2024/07/22,Clothing,-8.2
93.0,Mary Smith,12/22/2024,Books,280.23
94.0,John Doe,2024/06/26,Furniture,313.84
95.0,John Doe,08/03/2024,Electronics,188.44
96.0,Michael Clark,2024-12-28,Furniture,46.88
97.0,Michael Clark,08/26/2024,Books,275.86
98.0,Mary Smith,05/22/2024,Clothing,362.76
99.0,Emily Davis,01/15/2024,Groceries,50.01
100.0,Emily Davis,2024/05/23,Books,434.06
101.0,Alice Brown,2024-02-13,Books,173.54
102.0,Michael Clark,2024/11/26,Furniture,196.5
,Chris Taylor,2024-12-20,Groceries,315.18
104.0,Emily Davis,2024/08/05,Beauty,131.94
105.0,Tom Wilson,2024-04-28,Books,55.92
106.0,Robert Johnson,2024-04-08,Books,216.31
107.0,Tom Wilson,2024-02-21,Groceries,75.12
108.0,,2024-09-30,Groceries,-24.97
109.0,Robert Johnson,11/22/2024,Electronics,430.0
110.0,Michael Clark,2024-06-23,Electronics,88.86
111.0,Mary Smith,07/24/2024,Electronics,267.36
112.0,Tom Wilson,2024-02-13,Electronics,256.94
113.0,Alice Brown,09/24/2024,Furniture,449.68
114.0,Chris Taylor,2024/06/05,Beauty,-16.87
115.0,Alice Brown,2024-11-16,Groceries,313.24
116.0,Mary Smith,2024-03-21,Furniture,197.78
117.0,Alice Brown,2024/05/27,Groceries,336.64
118.0,Tom Wilson,2024/11/16,Books,392.15
119.0,Alice Brown,2024-11-27,Groceries,404.65
120.0,Tom Wilson,2024/10/31,Beauty,456.66
121.0,Tom Wilson,12/24/2024,Groceries,225.26
122.0,John Doe,2024/08/09,Groceries,282.04
123.0,John Doe,12/10/2024,Beauty,-27.87
124.0,Michael Clark,2024-05-22,Beauty,189.74
125.0,Michael Clark,06/27/2024,Groceries,126.58
126.0,Chris Taylor,12/21/2024,Groceries,314.42
127.0,John Doe,2024-08-20,Groceries,88.82
128.0,John Doe,2024/12/02,Furniture,177.29
129.0,Michael Clark,11/16/2024,Electronics,61.96
130.0,Michael Clark,12/23/2024,Electronics,-34.12
131.0,Robert Johnson,2024/06/08,Electronics,253.74
132.0,Mary Smith,2024-08-24,Books,407.68
133.0,Tom Wilson,07/31/2024,Furniture,84.05
134.0,Robert Johnson,02/05/2024,Furniture,136.93
135.0,John Doe,2024/05/24,Groceries,410.61
136.0,Robert Johnson,2024/08/16,Furniture,139.82
137.0,Michael Clark,2024-06-13,Books,81.34
138.0,Chris Taylor,01/23/2024,Books,210.14
139.0,Robert Johnson,2024-09-10,Clothing,226.26
140.0,Michael Clark,2024/02/21,Furniture,-41.56
141.0,Robert Johnson,02/08/2024,Groceries,136.21
142.0,Emily Davis,2024/12/11,Furniture,474.78
143.0,Michael Clark,2024-10-04,Beauty,-12.37
144.0,Alice Brown,02/16/2024,Electronics,368.2
145.0,Robert Johnson,12/21/2024,Electronics,-24.7
146.0,Emily Davis,2024-08-08,Clothing,242.14
147.0,Robert Johnson,2024-03-30,Beauty,428.96
148.0,Robert Johnson,04/28/2024,Books,89.69
149.0,,08/26/2024,Books,250.63
150.0,Tom Wilson,11/23/2024,Books,87.55
151.0,Chris Taylor,2024-09-04,Clothing,159.75
152.0,Tom Wilson,2024/01/12,Furniture,100.96
153.0,John Doe,2024/11/06,Furniture,408.06
154.0,Alice Brown,11/06/2024,Clothing,300.14
155.0,Robert Johnson,2024-11-17,Books,305.49
156.0,Emily Davis,2024-03-08,Groceries,129.7
157.0,Emily Davis,2024/09/28,Groceries,406.76
158.0,Michael Clark,2024/05/31,Groceries,392.33
159.0,Alice Brown,2024/12/12,Books,488.97
160.0,Emily Davis,02/16/2024,Electronics,95.45
161.0,Tom Wilson,10/26/2024,Books,467.16
162.0,John Doe,2024/11/13,Groceries,453.39
163.0,Michael Clark,12/24/2024,Books,174.56
164.0,Tom Wilson,2024-09-09,Electronics,79.14
165.0,Emily Davis,2024/12/09,Books,470.29
166.0,Robert Johnson,2024/07/31,Electronics,408.53
167.0,Tom Wilson,2024/01/17,Groceries,69.5
168.0,Emily Davis,2024/02/20,Groceries,249.46
169.0,Chris Taylor,2024-05-21,Electronics,471.96
170.0,Alice Brown,2024/11/24,Beauty,484.1
171.0,Robert Johnson,2024-10-16,Electronics,406.4
172.0,Alice Brown,2024-06-17,Beauty,-48.44
173.0,Robert Johnson,10/03/2024,Clothing,10.46
174.0,Emily Davis,2024/05/01,Groceries,-41.32
175.0,Chris Taylor,2024-09-26,Books,-15.04
176.0,Mary Smith,2024/08/19,Clothing,469.98
177.0,Tom Wilson,2024/08/22,Electronics,-16.55
178.0,Mary Smith,2024/09/08,Furniture,-9.58
179.0,Mary Smith,03/05/2024,Beauty,298.19
180.0,Tom Wilson,2024/08/20,Beauty,186.61
181.0,Alice Brown,08/08/2024,Clothing,177.6
182.0,Mary Smith,06/09/2024,Groceries,315.81
183.0,Michael Clark,2024-02-04,Electronics,1.28
184.0,Robert Johnson,2024-10-11,Beauty,476.14
185.0,Chris Taylor,2024/06/30,Furniture,427.45
186.0,Tom Wilson,2024-06-29,Beauty,229.08
187.0,Mary Smith,2024/06/28,Groceries,13.19
188.0,Chris Taylor,2024/10/14,Beauty,321.24
189.0,Tom Wilson,2024-01-15,Groceries,336.48
190.0,John Doe,2024-04-02,Beauty,311.54
191.0,John Doe,2024/02/16,Beauty,68.32
192.0,Emily Davis,2024/06/08,Groceries,377.26
193.0,John Doe,2024-03-20,Beauty,-22.63
194.0,Chris Taylor,2024/09/05,Furniture,177.8
195.0,Emily Davis,2024-08-08,Groceries,323.02
196.0,Tom Wilson,2024-01-24,Furniture,491.45
197.0,Alice Brown,03/11/2024,Groceries,130.47
,Robert Johnson,03/07/2024,Beauty,337.02
199.0,Emily Davis,02/06/2024,Books,-26.73
,Emily Davis,10/21/2024,Beauty,172.43
201.0,Chris Taylor,01/11/2024,Clothing,390.73
202.0,Emily Davis,02/15/2024,Electronics,83.82
203.0,Chris Taylor,2024/06/07,Groceries,71.86
204.0,Mary Smith,2024/09/28,Clothing,448.26
205.0,Robert Johnson,2024-04-30,Clothing,90.78
206.0,Mary Smith,2024/03/31,Furniture,205.17
207.0,Emily Davis,11/17/2024,Clothing,191.87
208.0,Tom Wilson,2024-10-29,Groceries,229.04
209.0,John Doe,07/07/2024,Electronics,304.57
210.0,Chris Taylor,2024/08/24,Beauty,474.83
211.0,,2024/10/19,Clothing,126.84
212.0,John Doe,2024-08-18,Groceries,490.31
213.0,John Doe,2024/05/06,Furniture,495.04
214.0,Emily Davis,07/09/2024,Furniture,174.82
215.0,Emily Davis,02/03/2024,Electronics,256.88
216.0,Robert Johnson,2024-06-19,Beauty,314.99
217.0,Chris Taylor,2024/03/07,Books,465.9
218.0,Emily Davis,2024/03/06,Books,405.93
219.0,Mary Smith,2024/11/26,Furniture,229.67
,Alice Brown,06/23/2024,Clothing,74.6
221.0,Mary Smith,2024/09/16,Books,436.03
222.0,Robert Johnson,11/01/2024,Clothing,39.24
223.0,Robert Johnson,2024-08-12,Furniture,150.36
224.0,Tom Wilson,2024-08-17,Beauty,81.54
225.0,Alice Brown,2024/07/07,Beauty,491.44
226.0,Chris Taylor,2024/09/14,Furniture,481.45
227.0,Robert Johnson,2024-05-08,Books,214.32
228.0,Mary Smith,2024-05-25,Clothing,100.04
229.0,Chris Taylor,2024-02-16,Furniture,436.55
230.0,Chris Taylor,09/14/2024,Clothing,162.39
231.0,Emily Davis,2024/02/20,Books,134.41
232.0,,2024/08/29,Clothing,367.36
233.0,Mary Smith,01/10/2024,Clothing,409.23
234.0,Chris Taylor,02/26/2024,Clothing,115.63
235.0,Michael Clark,2024-02-02,Furniture,278.21
,Alice Brown,03/14/2024,Furniture,-49.14
237.0,Robert Johnson,2024/12/06,Electronics,237.92
238.0,John Doe,07/18/2024,Electronics,299.62
239.0,John Doe,2024-07-01,Groceries,82.62
240.0,Emily Davis,2024-03-09,Groceries,250.31
241.0,Michael Clark,12/22/2024,Books,50.25
242.0,Michael Clark,01/19/2024,Clothing,-25.91
243.0,,2024/06/07,Furniture,494.02
244.0,Alice Brown,05/26/2024,Electronics,426.19
245.0,Emily Davis,08/11/2024,Books,191.86
246.0,Robert Johnson,2024/09/11,Furniture,152.04
247.0,Mary Smith,2024-08-05,Furniture,281.35
248.0,Emily Davis,2024-02-22,Groceries,313.51
249.0,Chris Taylor,2024/03/26,Furniture,143.35
250.0,Emily Davis,11/10/2024,Groceries,301.71
251.0,Chris Taylor,2024/07/05,Books,323.68
252.0,Michael Clark,2024-01-18,Electronics,79.8
253.0,John Doe,2024-11-05,Books,197.46
254.0,Mary Smith,2024-10-20,Beauty,151.82
255.0,Mary Smith,2024/01/14,Clothing,224.47
256.0,Tom Wilson,2024/05/13,Furniture,68.01
257.0,Michael Clark,2024-04-12,Clothing,419.05
258.0,Michael Clark,2024/02/14,Groceries,317.31
259.0,Tom Wilson,2024-06-02,Books,340.26
260.0,Emily Davis,2024-09-17,Electronics,491.82
261.0,Michael Clark,01/14/2024,Beauty,264.75
262.0,Robert Johnson,2024-11-09,Electronics,120.11
263.0,Chris Taylor,2024/07/28,Electronics,18.93
264.0,Michael Clark,2024/12/14,Groceries,20.58
265.0,Robert Johnson,03/07/2024,Beauty,450.89
266.0,Robert Johnson,2024-06-04,Clothing,127.46
267.0,Tom Wilson,02/10/2024,Clothing,299.28
268.0,Tom Wilson,2024/11/10,Electronics,226.42
269.0,Robert Johnson,2024/03/28,Beauty,346.35
270.0,John Doe,2024-01-15,Electronics,471.7
271.0,Alice Brown,10/19/2024,Beauty,301.45
272.0,Tom Wilson,11/24/2024,Furniture,84.68
273.0,Michael Clark,2024/02/07,Electronics,36.94
274.0,Emily Davis,2024-11-06,Groceries,423.82
275.0,Emily Davis,2024-07-23,Groceries,233.24
276.0,Mary Smith,05/16/2024,Clothing,27.48
277.0,Chris Taylor,2024-05-07,Groceries,463.56
278.0,Robert Johnson,2024/09/12,Furniture,224.32
279.0,,2024/07/20,Furniture,481.68
280.0,John Doe,05/24/2024,Beauty,435.29
281.0,John Doe,02/25/2024,Clothing,435.35
282.0,Emily Davis,01/24/2024,Electronics,263.65
283.0,Mary Smith,2024/07/16,Furniture,370.42
284.0,Mary Smith,2024-03-06,Furniture,155.26
285.0,Emily Davis,2024-03-14,Beauty,230.02
286.0,,2024/03/11,Groceries,392.18
287.0,Robert Johnson,2024/06/16,Groceries,39.38
288.0,Tom Wilson,10/30/2024,Beauty,405.56
289.0,Tom Wilson,2024-08-31,Groceries,132.18
290.0,Tom Wilson,2024/12/18,Electronics,278.3
291.0,Alice Brown,2024/01/27,Furniture,43.78
292.0,Chris Taylor,2024/03/16,Clothing,-32.64
293.0,John Doe,08/13/2024,Furniture,33.29
294.0,Michael Clark,2024/02/01,Clothing,235.28
295.0,Michael Clark,09/26/2024,Groceries,476.18
296.0,Emily Davis,2024/12/12,Books,303.82
297.0,Alice Brown,05/06/2024,Beauty,114.17
298.0,Tom Wilson,2024-12-26,Books,337.74
299.0,Tom Wilson,2024-05-27,Beauty,322.14
300.0,Emily Davis,03/15/2024,Electronics,108.2
301.0,Michael Clark,12/01/2024,Books,213.49
302.0,Tom Wilson,2024-03-11,Beauty,357.49
303.0,Alice Brown,2024-11-22,Electronics,5.11
304.0,Robert Johnson,2024/01/03,Clothing,173.8
305.0,Michael Clark,2024-11-29,Groceries,126.64
306.0,Mary Smith,2024/11/29,Clothing,244.33
307.0,Robert Johnson,2024-08-01,Electronics,498.44
308.0,Tom Wilson,2024-01-20,Groceries,262.38
309.0,Tom Wilson,2024/08/20,Beauty,238.38
310.0,Michael Clark,2024-05-19,Electronics,131.88
311.0,Robert Johnson,2024/01/08,Groceries,384.92
312.0,Robert Johnson,2024/11/08,Furniture,404.84
313.0,Mary Smith,2024-04-04,Furniture,127.98
314.0,Alice Brown,08/16/2024,Groceries,116.07
315.0,,11/30/2024,Books,79.97
316.0,Robert Johnson,2024/07/26,Beauty,457.71
317.0,Mary Smith,11/23/2024,Groceries,288.04
318.0,Robert Johnson,2024/08/20,Beauty,155.49
319.0,Alice Brown,2024/05/06,Beauty,430.22
320.0,Emily Davis,2024/02/09,Electronics,-16.03
321.0,Robert Johnson,03/25/2024,Beauty,193.01
322.0,Michael Clark,2024/02/16,Furniture,394.78
323.0,Michael Clark,2024-10-15,Beauty,204.31
324.0,Chris Taylor,2024-05-10,Books,69.85
325.0,Mary Smith,2024-10-04,Electronics,492.38
326.0,Robert Johnson,2024/03/10,Books,305.23
327.0,Chris Taylor,08/17/2024,Furniture,-5.86
328.0,Robert Johnson,11/30/2024,Electronics,48.16
329.0,Alice Brown,2024-01-02,Groceries,204.65
330.0,Chris Taylor,2024-04-27,Furniture,140.39
331.0,Mary Smith,2024/01/17,Furniture,288.21
332.0,Alice Brown,2024-04-15,Electronics,276.67
333.0,John Doe,2024/05/05,Electronics,171.25
334.0,John Doe,2024/03/12,Groceries,78.79
335.0,Emily Davis,05/01/2024,Clothing,492.13
336.0,Tom Wilson,2024/02/01,Beauty,433.84
337.0,Chris Taylor,10/11/2024,Electronics,484.76
338.0,Emily Davis,12/22/2024,Furniture,32.07
339.0,Michael Clark,2024-05-03,Groceries,421.65
340.0,John Doe,10/14/2024,Furniture,256.51
341.0,Alice Brown,2024/06/18,Electronics,457.22
342.0,Alice Brown,01/27/2024,Furniture,320.52
343.0,Alice Brown,2024/10/27,Books,257.37
344.0,Emily Davis,2024-06-04,Clothing,465.44
345.0,Michael Clark,2024/05/04,Beauty,337.07
346.0,Emily Davis,05/24/2024,Furniture,243.51
347.0,Michael Clark,2024-08-26,Books,208.22
348.0,Emily Davis,06/09/2024,Electronics,259.39
349.0,Tom Wilson,2024/10/10,Beauty,346.01
350.0,Alice Brown,2024/07/13,Clothing,224.62
351.0,Tom Wilson,2024/09/07,Books,356.78
352.0,Emily Davis,2024-03-27,Books,250.6
353.0,John Doe,2024-09-25,Electronics,469.85
354.0,Chris Taylor,2024/03/11,Clothing,-12.62
355.0,Michael Clark,2024-07-10,Beauty,300.75
356.0,Michael Clark,2024-01-09,Beauty,253.4
,Tom Wilson,10/01/2024,Electronics,226.22
358.0,Robert Johnson,2024-02-24,Beauty,31.89
359.0,Emily Davis,05/16/2024,Electronics,155.18
360.0,Alice Brown,2024/06/02,Electronics,309.55
361.0,Mary Smith,07/26/2024,Furniture,253.99
362.0,,2024-03-28,Furniture,414.93
363.0,Mary Smith,2024-09-27,Clothing,66.28
364.0,Michael Clark,2024-05-18,Electronics,326.44
365.0,John Doe,04/01/2024,Electronics,478.81
366.0,Chris Taylor,02/09/2024,Clothing,260.18
367.0,Emily Davis,2024/07/15,Clothing,384.77
368.0,Emily Davis,2024-01-28,Furniture,77.68
369.0,Chris Taylor,2024-06-16,Books,100.33
370.0,Emily Davis,10/10/2024,Furniture,52.16
371.0,Tom Wilson,2024/05/06,Electronics,-4.88
372.0,Robert Johnson,07/18/2024,Groceries,8.6
,Emily Davis,2024-05-18,Clothing,-1.99
374.0,Chris Taylor,2024-02-22,Electronics,144.65
375.0,Emily Davis,2024-07-16,Groceries,177.6
376.0,Alice Brown,2024/10/19,Clothing,326.92
377.0,Tom Wilson,2024-09-09,Electronics,41.96
378.0,Mary Smith,07/03/2024,Clothing,346.49
379.0,Michael Clark,2024-02-24,Groceries,-46.28
380.0,Chris Taylor,06/17/2024,Groceries,186.84
381.0,Robert Johnson,06/02/2024,Beauty,471.0
382.0,Chris Taylor,06/12/2024,Books,332.23
383.0,Alice Brown,06/15/2024,Groceries,399.07
384.0,Alice Brown,2024/10/30,Clothing,324.94
385.0,Michael Clark,2024-12-28,Furniture,388.73
386.0,Chris Taylor,12/10/2024,Clothing,298.33
387.0,Chris Taylor,2024-07-12,Furniture,494.89
388.0,Chris Taylor,2024-10-05,Groceries,335.9
389.0,Mary Smith,2024-02-25,Books,315.58
390.0,Chris Taylor,06/18/2024,Electronics,-44.2
391.0,Alice Brown,08/16/2024,Furniture,204.68
392.0,Robert Johnson,2024-06-25,Furniture,7.5
393.0,Mary Smith,03/13/2024,Groceries,138.69
394.0,Emily Davis,2024-08-31,Furniture,347.1
395.0,John Doe,2024-12-29,Electronics,417.05
396.0,Robert Johnson,2024/05/04,Clothing,253.55
397.0,Michael Clark,04/28/2024,Books,51.45
398.0,John Doe,2024-11-10,Furniture,275.71
399.0,Alice Brown,2024/05/22,Electronics,267.54
400.0,Emily Davis,2024-06-15,Furniture,12.68
401.0,Emily Davis,11/01/2024,Beauty,165.9
402.0,Michael Clark,2024-11-12,Books,338.29
403.0,Mary Smith,2024-12-10,Groceries,14.82
404.0,Robert Johnson,09/18/2024,Furniture,278.03
405.0,Michael Clark,2024/11/21,Books,455.54
406.0,Robert Johnson,09/07/2024,Clothing,52.9
407.0,Emily Davis,01/05/2024,Clothing,57.32
408.0,Michael Clark,2024/07/28,Furniture,178.6
409.0,Mary Smith,2024-10-16,Clothing,110.65
410.0,Robert Johnson,2024/08/22,Books,374.9
411.0,Mary Smith,2024/05/17,Groceries,248.12
412.0,Michael Clark,2024-10-06,Furniture,6.33
413.0,Tom Wilson,01/17/2024,Groceries,141.72
414.0,Mary Smith,2024-05-01,Books,273.36
415.0,Chris Taylor,2024/03/25,Clothing,381.67
416.0,Emily Davis,09/29/2024,Beauty,246.32
417.0,Tom Wilson,10/20/2024,Beauty,492.02
418.0,Chris Taylor,01/31/2024,Books,19.79
419.0,Emily Davis,2024/05/06,Furniture,219.2
420.0,Chris Taylor,07/11/2024,Electronics,298.5
421.0,Tom Wilson,12/21/2024,Furniture,472.64
422.0,,2024/02/17,Furniture,299.16
423.0,Chris Taylor,04/21/2024,Clothing,222.09
424.0,Robert Johnson,10/16/2024,Groceries,441.79
425.0,,11/16/2024,Electronics,18.33
426.0,John Doe,2024-08-07,Books,450.17
427.0,Tom Wilson,2024/02/17,Groceries,87.71
428.0,Robert Johnson,01/27/2024,Books,118.03
429.0,Mary Smith,2024-12-26,Electronics,67.38
430.0,Michael Clark,2024-01-05,Books,138.97
431.0,Robert Johnson,2024-09-01,Clothing,160.69
432.0,Emily Davis,07/07/2024,Clothing,160.5
433.0,Robert Johnson,2024/02/05,Beauty,-45.34
434.0,Alice Brown,2024/11/17,Clothing,455.94
435.0,Alice Brown,2024-02-14,Clothing,363.85
436.0,Chris Taylor,2024-06-10,Clothing,102.33
437.0,Tom Wilson,2024-12-19,Books,431.7
438.0,Alice Brown,07/19/2024,Books,-19.99
439.0,Michael Clark,2024-07-16,Clothing,224.77
440.0,John Doe,07/03/2024,Clothing,162.76
441.0,Robert Johnson,2024-08-29,Electronics,273.05
,John Doe,2024/07/22,Groceries,295.71
443.0,Chris Taylor,2024/02/12,Beauty,245.71
444.0,Mary Smith,2024-09-18,Clothing,245.01
445.0,Mary Smith,2024/06/07,Furniture,351.48
446.0,Mary Smith,2024-08-10,Furniture,286.76
447.0,Robert Johnson,2024-03-02,Books,25.47
,Emily Davis,2024/09/24,Books,92.59
449.0,Tom Wilson,2024-03-01,Groceries,393.91
450.0,Mary Smith,09/11/2024,Beauty,148.07
451.0,Emily Davis,03/21/2024,Electronics,441.85
452.0,John Doe,2024-01-23,Clothing,-24.71
453.0,Robert Johnson,2024/01/19,Books,357.37
454.0,Chris Taylor,06/12/2024,Electronics,264.34
455.0,John Doe,2024-04-01,Beauty,489.78
456.0,Michael Clark,05/24/2024,Groceries,-2.49
457.0,Tom Wilson,10/15/2024,Books,292.49
458.0,Michael Clark,2024/04/10,Beauty,368.27
459.0,,2024-07-28,Clothing,247.85
460.0,John Doe,2024-06-20,Books,156.95
461.0,Alice Brown,2024-09-28,Furniture,220.62
462.0,Tom Wilson,2024-02-17,Clothing,443.51
463.0,Emily Davis,2024/08/22,Electronics,269.42
464.0,Chris Taylor,2024/02/08,Beauty,-15.74
465.0,Tom Wilson,05/13/2024,Furniture,335.4
466.0,Tom Wilson,2024-04-29,Clothing,24.86
467.0,Mary Smith,03/25/2024,Furniture,122.72
468.0,Alice Brown,08/19/2024,Furniture,95.75
469.0,Tom Wilson,2024/12/26,Beauty,-27.82
470.0,Mary Smith,2024-12-30,Groceries,167.93
471.0,Robert Johnson,01/16/2024,Furniture,255.77
472.0,Mary Smith,2024-03-12,Electronics,-16.08
473.0,Alice Brown,07/24/2024,Books,296.66
474.0,Tom Wilson,2024-02-08,Electronics,58.76
475.0,Mary Smith,2024-06-18,Electronics,468.25
476.0,Chris Taylor,07/21/2024,Electronics,160.5
477.0,Robert Johnson,05/20/2024,Furniture,435.88
478.0,Alice Brown,11/27/2024,Furniture,176.6
479.0,Tom Wilson,2024-07-15,Furniture,59.7
480.0,John Doe,2024/07/14,Groceries,213.83
481.0,Emily Davis,07/17/2024,Clothing,-35.67
482.0,,2024-05-23,Furniture,241.19
483.0,Robert Johnson,2024-02-21,Books,82.63
484.0,John Doe,2024/04/22,Furniture,145.14
485.0,Robert Johnson,2024/05/01,Groceries,393.42
486.0,John Doe,2024/12/26,Groceries,471.16
487.0,Alice Brown,2024/09/09,Groceries,46.56
488.0,Alice Brown,2024/01/11,Furniture,-49.62
489.0,Robert Johnson,2024/06/23,Clothing,455.33
490.0,John Doe,2024/03/16,Books,454.47
491.0,Emily Davis,02/07/2024,Books,468.06
492.0,Tom Wilson,2024-06-14,Clothing,352.79
493.0,Michael Clark,11/28/2024,Clothing,338.95
494.0,Emily Davis,2024/04/24,Beauty,397.95
495.0,Tom Wilson,2024-03-06,Books,-49.01
496.0,John Doe,2024/04/03,Groceries,456.57
497.0,Mary Smith,2024-09-11,Groceries,359.94
498.0,Robert Johnson,2024-11-21,Books,318.51
499.0,John Doe,2024-05-15,Clothing,331.25
500.0,John Doe,01/25/2024,Furniture,352.92
501.0,Michael Clark,07/12/2024,Beauty,156.44
502.0,Alice Brown,03/24/2024,Electronics,389.56
503.0,,2024-05-13,Electronics,137.99
504.0,Mary Smith,2024-10-07,Groceries,276.72
505.0,John Doe,2024/08/08,Clothing,284.02
506.0,Emily Davis,2024-04-15,Furniture,333.46
507.0,Tom Wilson,12/04/2024,Groceries,80.65
508.0,Michael Clark,2024-03-19,Groceries,-47.9
509.0,Michael Clark,2024-04-12,Electronics,63.82
510.0,Michael Clark,02/29/2024,Furniture,209.02
511.0,Chris Taylor,04/04/2024,Furniture,153.17
512.0,Michael Clark,2024-05-14,Groceries,260.34
513.0,Mary Smith,2024/02/13,Groceries,394.5
514.0,Alice Brown,2024-10-10,Furniture,400.12
515.0,Michael Clark,2024-10-20,Furniture,114.37
516.0,John Doe,2024/09/14,Beauty,390.25
517.0,Mary Smith,2024-08-17,Clothing,484.69
518.0,Chris Taylor,2024/02/10,Furniture,61.06
519.0,Tom Wilson,2024/06/12,Electronics,-2.13
520.0,Tom Wilson,09/23/2024,Electronics,382.6
521.0,Chris Taylor,02/27/2024,Clothing,31.51
522.0,Mary Smith,2024/02/24,Electronics,382.16
523.0,Chris Taylor,05/15/2024,Books,217.07
524.0,,05/21/2024,Clothing,290.03
525.0,Chris Taylor,2024/06/18,Clothing,-22.89
526.0,Emily Davis,01/11/2024,Groceries,121.02
527.0,Mary Smith,2024-04-26,Groceries,485.82
528.0,Tom Wilson,2024/08/01,Books,-0.89
529.0,Chris Taylor,2024/09/05,Groceries,401.56
530.0,Tom Wilson,2024/12/29,Furniture,24.61
531.0,John Doe,2024-03-29,Clothing,410.34
532.0,Emily Davis,2024-12-26,Groceries,152.59
533.0,Mary Smith,2024-12-14,Clothing,154.86
534.0,Michael Clark,2024/10/27,Groceries,139.34
535.0,Mary Smith,2024-05-25,Furniture,-22.69
536.0,Alice Brown,2024/04/23,Clothing,322.73
537.0,John Doe,2024-12-15,Furniture,451.33
538.0,John Doe,04/24/2024,Beauty,392.8
539.0,Tom Wilson,08/04/2024,Groceries,202.45
540.0,Chris Taylor,2024-10-26,Electronics,231.33
541.0,Emily Davis,2024/10/14,Beauty,284.98
542.0,Mary Smith,06/21/2024,Books,128.83
543.0,Tom Wilson,2024-04-06,Beauty,371.01
544.0,Chris Taylor,12/04/2024,Books,26.96
545.0,Tom Wilson,05/12/2024,Furniture,163.55
546.0,Alice Brown,2024/06/24,Books,72.3
547.0,Emily Davis,09/16/2024,Clothing,412.35
548.0,Mary Smith,2024-08-29,Books,92.26
549.0,Robert Johnson,12/14/2024,Books,-0.89
550.0,Tom Wilson,08/03/2024,Groceries,93.31
551.0,Michael Clark,2024/01/28,Beauty,269.17
552.0,Alice Brown,2024-09-13,Books,159.92
553.0,Robert Johnson,2024-03-11,Groceries,175.06
554.0,Michael Clark,03/14/2024,Books,49.2
555.0,Robert Johnson,2024/06/09,Electronics,-47.41
556.0,Robert Johnson,2024-10-22,Furniture,381.87
557.0,Chris Taylor,11/20/2024,Furniture,185.96
558.0,,2024-09-30,Books,155.21
,Alice Brown,2024/01/10,Electronics,294.68
560.0,Emily Davis,2024-06-08,Electronics,160.95
561.0,John Doe,06/01/2024,Furniture,350.31
562.0,Robert Johnson,06/24/2024,Groceries,362.56
563.0,Chris Taylor,2024-01-10,Clothing,349.94
564.0,Robert Johnson,03/04/2024,Books,307.8
565.0,Tom Wilson,2024/09/30,Electronics,276.66
566.0,John Doe,2024/01/25,Electronics,179.23
567.0,Michael Clark,2024-12-25,Clothing,332.36
568.0,Mary Smith,2024/12/05,Groceries,292.54
569.0,Mary Smith,2024/09/18,Beauty,14.75
570.0,Alice Brown,2024-11-07,Groceries,407.32
571.0,Chris Taylor,2024-05-31,Electronics,251.48
572.0,Michael Clark,2024-06-18,Electronics,-42.99
573.0,Michael Clark,2024-03-17,Beauty,-8.72
574.0,Alice Brown,08/21/2024,Groceries,205.35
575.0,John Doe,05/28/2024,Books,121.99
576.0,John Doe,2024-01-05,Books,305.96
577.0,Tom Wilson,02/17/2024,Groceries,50.58
578.0,Tom Wilson,2024/07/16,Furniture,389.94
579.0,Mary Smith,2024/03/08,Books,-17.74
580.0,Chris Taylor,10/29/2024,Beauty,323.12
581.0,Emily Davis,2024-11-09,Books,433.97
582.0,Michael Clark,2024-09-06,Furniture,192.38
583.0,John Doe,2024/12/26,Beauty,372.14
584.0,Emily Davis,2024/09/22,Books,335.32
585.0,Alice Brown,09/03/2024,Books,321.96
586.0,John Doe,2024/01/06,Clothing,228.06
587.0,Robert Johnson,02/08/2024,Groceries,82.49
588.0,Alice Brown,2024/10/08,Furniture,171.8
589.0,Michael Clark,02/15/2024,Furniture,123.83
590.0,John Doe,02/22/2024,Furniture,-30.29
591.0,Tom Wilson,2024/09/17,Clothing,310.03
592.0,John Doe,04/24/2024,Groceries,258.08
593.0,Emily Davis,2024-08-19,Electronics,367.63
594.0,Tom Wilson,2024/10/07,Groceries,336.15
595.0,Robert Johnson,2024-07-28,Groceries,285.97
596.0,Chris Taylor,04/20/2024,Clothing,344.23
597.0,Mary Smith,08/18/2024,Books,274.12
598.0,John Doe,2024/09/28,Electronics,254.27
599.0,Robert Johnson,2024/12/20,Clothing,351.77
600.0,Emily Davis,09/15/2024,Furniture,488.73
601.0,Tom Wilson,07/22/2024,Groceries,199.07
602.0,Tom Wilson,2024/12/25,Groceries,341.53
603.0,Alice Brown,2024/04/17,Books,109.82
604.0,Robert Johnson,2024/09/14,Books,300.28
605.0,Michael Clark,2024/10/25,Books,340.57
606.0,Tom Wilson,2024-08-04,Beauty,8.56
607.0,John Doe,04/12/2024,Clothing,490.94
608.0,John Doe,12/19/2024,Clothing,364.48
609.0,Mary Smith,2024/11/11,Books,259.04
610.0,Chris Taylor,2024/05/01,Books,108.2
611.0,Chris Taylor,2024/08/01,Groceries,481.21
612.0,Alice Brown,11/13/2024,Clothing,451.32
613.0,Alice Brown,04/09/2024,Furniture,47.58
614.0,Robert Johnson,2024-09-20,Furniture,-27.65
615.0,Robert Johnson,10/26/2024,Electronics,131.81
616.0,Robert Johnson,2024/06/14,Electronics,375.51
617.0,Tom Wilson,2024/09/08,Beauty,146.95
618.0,Alice Brown,2024/04/04,Electronics,382.44
619.0,Chris Taylor,02/17/2024,Clothing,435.87
620.0,Tom Wilson,2024/04/21,Beauty,211.17
621.0,John Doe,2024/02/28,Groceries,195.12
622.0,Alice Brown,2024/01/21,Groceries,159.75
623.0,Tom Wilson,2024/10/03,Groceries,-36.41
624.0,Michael Clark,2024-09-06,Groceries,444.05
625.0,Mary Smith,2024/03/26,Beauty,-45.97
626.0,Alice Brown,12/16/2024,Electronics,63.07
627.0,Chris Taylor,2024-11-27,Books,327.32
628.0,John Doe,2024-02-14,Electronics,47.9
629.0,Alice Brown,05/12/2024,Furniture,198.12
630.0,Chris Taylor,2024-12-10,Beauty,-46.76
631.0,John Doe,2024-12-24,Groceries,460.43
632.0,Tom Wilson,2024-11-06,Groceries,370.9
633.0,John Doe,2024-08-30,Beauty,70.93
634.0,Tom Wilson,2024-11-20,Groceries,322.51
635.0,Emily Davis,2024/01/06,Beauty,27.76
636.0,Chris Taylor,2024/10/02,Electronics,117.58
637.0,Emily Davis,04/18/2024,Books,418.3
638.0,Tom Wilson,2024-04-09,Clothing,319.04
639.0,Michael Clark,2024/11/26,Electronics,109.86
640.0,Michael Clark,06/18/2024,Clothing,319.21
641.0,Mary Smith,04/09/2024,Furniture,197.86
642.0,Robert Johnson,2024/10/16,Groceries,394.23
643.0,Emily Davis,2024-05-06,Books,356.9
644.0,Robert Johnson,2024/12/13,Groceries,432.84
645.0,Tom Wilson,2024/09/06,Electronics,46.67
646.0,Robert Johnson,2024-10-02,Groceries,353.45
647.0,John Doe,2024/09/16,Electronics,396.95
648.0,Alice Brown,2024/01/19,Groceries,248.91
649.0,Robert Johnson,07/06/2024,Clothing,440.29
650.0,Robert Johnson,2024/08/25,Beauty,-0.2
651.0,,2024/05/02,Books,41.21
652.0,Robert Johnson,2024/10/16,Books,429.71
653.0,Emily Davis,2024-01-21,Furniture,77.46
654.0,Alice Brown,09/22/2024,Furniture,208.32
655.0,,11/28/2024,Electronics,337.05
656.0,Tom Wilson,2024/10/23,Beauty,45.62
657.0,Mary Smith,09/21/2024,Furniture,484.97
658.0,Emily Davis,09/06/2024,Beauty,-46.37
659.0,Alice Brown,2024/02/09,Books,104.45
660.0,Mary Smith,2024-12-04,Furniture,396.14
661.0,Michael Clark,2024-09-02,Beauty,38.69
662.0,,2024-01-23,Beauty,275.79
663.0,Robert Johnson,2024-01-29,Groceries,457.35
664.0,John Doe,12/04/2024,Electronics,69.13
665.0,Michael Clark,2024-03-28,Furniture,280.46
666.0,Robert Johnson,2024/11/15,Beauty,95.49
667.0,Michael Clark,2024/11/01,Electronics,76.4
668.0,Alice Brown,2024/09/24,Books,180.89
669.0,Michael Clark,2024/11/10,Electronics,432.76
670.0,Mary Smith,2024/09/03,Clothing,446.09
671.0,,2024/12/13,Furniture,237.12
672.0,,09/28/2024,Clothing,466.13
673.0,Emily Davis,2024/10/28,Books,266.87
674.0,Alice Brown,02/12/2024,Beauty,432.22
675.0,John Doe,2024/10/22,Electronics,235.87
676.0,Emily Davis,07/28/2024,Electronics,35.13
677.0,Chris Taylor,10/16/2024,Beauty,101.56
678.0,Chris Taylor,2024/10/09,Furniture,48.3
679.0,Tom Wilson,10/22/2024,Books,168.97
680.0,Mary Smith,04/27/2024,Books,472.08
681.0,Emily Davis,2024/10/08,Books,326.51
682.0,John Doe,2024-02-16,Furniture,459.22
683.0,Alice Brown,2024-07-08,Beauty,-29.23
684.0,Tom Wilson,2024/12/30,Electronics,470.14
685.0,Michael Clark,2024-01-06,Books,461.92
686.0,Alice Brown,2024-11-10,Books,-30.17
687.0,,2024-03-21,Groceries,378.82
688.0,Alice Brown,2024-09-22,Books,336.99
689.0,Emily Davis,06/26/2024,Clothing,283.5
690.0,John Doe,2024-05-13,Furniture,228.43
691.0,Emily Davis,2024/02/29,Groceries,431.86
692.0,Michael Clark,2024/07/12,Furniture,373.48
693.0,Michael Clark,12/14/2024,Beauty,424.11
694.0,Chris Taylor,2024-11-20,Books,335.65
695.0,Emily Davis,2024/09/21,Electronics,335.45
696.0,Chris Taylor,2024/12/10,Groceries,-8.18
697.0,Emily Davis,2024/04/21,Groceries,50.53
698.0,Alice Brown,2024/09/12,Clothing,79.17
699.0,Alice Brown,2024-04-13,Beauty,145.82
700.0,Mary Smith,2024/12/12,Furniture,287.6
701.0,John Doe,09/03/2024,Beauty,123.48
702.0,Tom Wilson,2024-09-08,Beauty,104.15
703.0,John Doe,09/26/2024,Furniture,466.81
704.0,Robert Johnson,2024-08-22,Books,235.01
705.0,,2024-12-11,Furniture,269.55
706.0,Tom Wilson,2024/04/05,Groceries,80.43
707.0,Emily Davis,04/04/2024,Furniture,65.79
708.0,Chris Taylor,05/23/2024,Clothing,264.28
709.0,Mary Smith,2024-05-18,Beauty,187.72
710.0,Robert Johnson,2024-08-30,Clothing,181.84
711.0,Emily Davis,09/06/2024,Groceries,259.18
712.0,Robert Johnson,2024-01-31,Groceries,212.1
713.0,Emily Davis,05/13/2024,Groceries,258.19
714.0,John Doe,2024-07-29,Groceries,427.05
715.0,Robert Johnson,05/25/2024,Groceries,320.26
716.0,Mary Smith,2024/07/14,Groceries,205.06
717.0,Emily Davis,2024/08/03,Beauty,264.4
718.0,Robert Johnson,2024-06-24,Groceries,124.28
719.0,Chris Taylor,05/18/2024,Groceries,361.34
720.0,Robert Johnson,2024-04-04,Clothing,350.27
721.0,Mary Smith,2024-04-17,Furniture,6.66
722.0,John Doe,01/14/2024,Beauty,370.75
723.0,Robert Johnson,2024/02/13,Furniture,120.15
724.0,Robert Johnson,2024/03/08,Clothing,-34.29
725.0,Emily Davis,08/31/2024,Beauty,464.17
726.0,Robert Johnson,2024/10/29,Furniture,297.08
727.0,Tom Wilson,06/26/2024,Beauty,74.92
728.0,Chris Taylor,2024-05-13,Groceries,-44.19
729.0,Robert Johnson,06/25/2024,Furniture,244.3
730.0,Michael Clark,2024-06-02,Furniture,388.88
731.0,Emily Davis,04/06/2024,Beauty,190.41
732.0,Chris Taylor,2024-07-12,Groceries,-6.43
733.0,Tom Wilson,2024/05/25,Books,242.57
734.0,Mary Smith,2024-04-03,Groceries,10.7
735.0,Michael Clark,04/06/2024,Electronics,33.68
736.0,,02/22/2024,Groceries,18.77
737.0,,2024-02-16,Electronics,221.47
738.0,Michael Clark,07/09/2024,Books,385.28
739.0,Robert Johnson,01/29/2024,Furniture,-10.74
740.0,Tom Wilson,2024-07-14,Electronics,486.03
741.0,Michael Clark,2024/05/06,Electronics,59.55
742.0,Alice Brown,08/30/2024,Books,478.67
743.0,John Doe,2024/10/08,Electronics,89.32
744.0,John Doe,2024-12-07,Electronics,79.78
745.0,,2024/05/21,Electronics,167.69
746.0,Michael Clark,2024/12/18,Clothing,154.27
747.0,Mary Smith,2024/12/17,Groceries,461.97
748.0,John Doe,2024/07/01,Clothing,335.73
749.0,Alice Brown,2024/06/11,Books,366.18
750.0,Alice Brown,2024/01/11,Furniture,146.99
751.0,Michael Clark,12/27/2024,Beauty,112.09
752.0,Robert Johnson,10/05/2024,Groceries,352.82
753.0,Robert Johnson,2024/02/05,Clothing,197.16
754.0,Michael Clark,2024/01/01,Beauty,158.47
755.0,,2024/07/05,Clothing,126.38
756.0,Chris Taylor,2024/04/07,Books,223.65
757.0,Emily Davis,2024/07/28,Groceries,10.76
758.0,Robert Johnson,2024-04-01,Clothing,8.88
759.0,,11/24/2024,Books,219.45
760.0,John Doe,2024-07-06,Beauty,344.81
,Michael Clark,02/10/2024,Books,-16.61
762.0,Chris Taylor,2024/07/07,Electronics,403.0
763.0,,02/06/2024,Electronics,469.53
764.0,Alice Brown,09/29/2024,Clothing,56.22
765.0,Robert Johnson,2024/10/12,Beauty,178.35
766.0,Emily Davis,12/11/2024,Books,315.88
767.0,Robert Johnson,10/08/2024,Beauty,135.63
768.0,Michael Clark,06/29/2024,Beauty,495.3
769.0,Chris Taylor,2024/06/14,Clothing,259.73
770.0,Tom Wilson,07/03/2024,Furniture,477.9
,,2024/05/25,Electronics,234.69
772.0,Tom Wilson,2024-04-23,Groceries,-38.06
773.0,Tom Wilson,2024/10/10,Beauty,263.87
774.0,Michael Clark,2024-07-01,Clothing,95.74
775.0,Tom Wilson,2024-06-02,Beauty,169.89
776.0,Emily Davis,2024-09-04,Furniture,404.14
777.0,Mary Smith,2024/10/31,Groceries,-29.45
778.0,John Doe,06/20/2024,Furniture,179.09
779.0,Alice Brown,2024/11/30,Electronics,298.64
780.0,John Doe,2024/06/12,Beauty,32.27
781.0,John Doe,2024/12/10,Furniture,484.07
782.0,Mary Smith,04/23/2024,Groceries,382.5
783.0,Michael Clark,2024/10/19,Electronics,251.48
784.0,Chris Taylor,2024-12-23,Clothing,214.51
785.0,Alice Brown,2024/10/14,Books,238.34
786.0,Chris Taylor,2024/06/14,Beauty,-0.72
787.0,Emily Davis,04/07/2024,Groceries,276.63
788.0,Emily Davis,11/11/2024,Beauty,30.2
789.0,Alice Brown,12/16/2024,Clothing,366.75
790.0,John Doe,2024/05/04,Clothing,427.81
791.0,,2024-12-21,Groceries,197.53
792.0,Alice Brown,2024/04/14,Beauty,362.7
793.0,Robert Johnson,2024/12/21,Books,-39.89
794.0,John Doe,2024-05-10,Electronics,106.21
795.0,John Doe,2024/08/26,Electronics,-13.37
796.0,Emily Davis,2024-02-25,Groceries,427.08
797.0,Chris Taylor,2024/09/17,Electronics,447.13
798.0,Mary Smith,2024-04-05,Beauty,481.74
799.0,John Doe,2024/05/06,Groceries,133.46
800.0,Emily Davis,12/16/2024,Groceries,293.88
801.0,Tom Wilson,2024/02/01,Groceries,433.27
802.0,John Doe,10/11/2024,Clothing,33.44
803.0,Mary Smith,2024/07/14,Books,286.85
804.0,Alice Brown,2024-10-20,Furniture,483.8
805.0,Robert Johnson,2024/04/15,Clothing,269.57
806.0,Robert Johnson,2024/06/07,Books,444.25
807.0,Robert Johnson,2024/12/01,Clothing,124.62
808.0,Mary Smith,04/04/2024,Clothing,349.89
809.0,Chris Taylor,07/29/2024,Furniture,360.09
810.0,Tom Wilson,2024-03-18,Electronics,22.35
811.0,Tom Wilson,2024/11/06,Beauty,77.0
812.0,Emily Davis,2024/02/10,Furniture,23.75
813.0,Emily Davis,04/04/2024,Furniture,210.62
814.0,Chris Taylor,01/08/2024,Furniture,72.4
815.0,Alice Brown,2024-02-03,Furniture,426.92
816.0,Michael Clark,05/06/2024,Furniture,376.92
817.0,Emily Davis,2024/07/20,Books,264.56
818.0,John Doe,2024-09-23,Furniture,201.3
819.0,Alice Brown,2024/09/22,Furniture,491.11
820.0,John Doe,04/07/2024,Furniture,168.92
821.0,Michael Clark,03/26/2024,Groceries,287.22
822.0,Robert Johnson,2024/08/25,Furniture,-0.26
823.0,Robert Johnson,07/20/2024,Groceries,197.99
824.0,Alice Brown,2024-08-20,Groceries,128.24
825.0,Robert Johnson,2024-03-04,Electronics,338.42
826.0,Chris Taylor,2024/09/18,Clothing,158.27
827.0,Emily Davis,2024/10/16,Clothing,39.17
828.0,John Doe,08/02/2024,Groceries,351.59
829.0,Robert Johnson,2024-03-01,Clothing,-48.06
830.0,,09/11/2024,Beauty,394.1
831.0,Alice Brown,2024/10/28,Furniture,199.56
832.0,John Doe,2024/05/05,Groceries,290.87
833.0,John Doe,2024-04-04,Electronics,309.3
834.0,Tom Wilson,2024-06-18,Electronics,9.89
835.0,Tom Wilson,2024/11/08,Books,334.92
836.0,Michael Clark,10/23/2024,Electronics,1.22
837.0,Chris Taylor,02/04/2024,Beauty,-14.29
838.0,Tom Wilson,2024/06/17,Furniture,238.56
839.0,Mary Smith,2024/10/19,Books,240.92
840.0,Tom Wilson,2024/08/06,Groceries,92.81
841.0,Robert Johnson,2024/11/10,Furniture,235.84
842.0,Robert Johnson,2024-11-08,Books,109.77
843.0,Michael Clark,2024-11-16,Books,416.44
844.0,Chris Taylor,01/24/2024,Groceries,258.23
845.0,,2024/04/13,Groceries,89.93
846.0,Emily Davis,2024-01-04,Books,133.31
847.0,John Doe,2024-03-30,Groceries,408.6
848.0,Michael Clark,2024/01/19,Clothing,214.82
849.0,Emily Davis,08/24/2024,Books,-19.19
850.0,Emily Davis,2024/10/11,Electronics,64.54
851.0,Emily Davis,2024-02-03,Groceries,412.41
852.0,Robert Johnson,2024/10/19,Furniture,53.06
853.0,Tom Wilson,12/27/2024,Books,-32.6
854.0,Alice Brown,07/09/2024,Groceries,68.88
855.0,John Doe,2024-04-13,Furniture,228.3
856.0,Robert Johnson,04/07/2024,Furniture,352.84
857.0,Robert Johnson,2024/02/20,Books,496.0
858.0,,2024/07/17,Beauty,13.71
859.0,,2024-10-31,Groceries,206.78
860.0,Tom Wilson,2024/01/12,Groceries,301.37
861.0,Tom Wilson,2024/05/21,Groceries,375.03
862.0,Robert Johnson,2024-05-20,Electronics,477.06
863.0,Emily Davis,10/08/2024,Groceries,27.86
864.0,Alice Brown,2024-03-28,Groceries,287.29
865.0,Robert Johnson,01/15/2024,Books,-22.25
866.0,Chris Taylor,2024/04/01,Beauty,440.2
867.0,Michael Clark,11/11/2024,Groceries,132.78
868.0,Mary Smith,2024/08/26,Clothing,1.1
869.0,Mary Smith,08/21/2024,Books,304.43
870.0,Alice Brown,2024/03/14,Groceries,452.07
871.0,Emily Davis,06/15/2024,Furniture,-33.35
872.0,Michael Clark,03/28/2024,Groceries,282.44
873.0,Mary Smith,2024/06/15,Books,-10.99
874.0,Chris Taylor,2024/05/02,Clothing,251.37
875.0,Emily Davis,2024/04/16,Beauty,187.13
876.0,Emily Davis,2024/10/05,Clothing,45.2
877.0,Michael Clark,2024/02/28,Beauty,204.6
878.0,Robert Johnson,06/06/2024,Electronics,279.04
879.0,Chris Taylor,06/16/2024,Books,313.09
880.0,John Doe,2024/03/16,Clothing,199.14
881.0,Michael Clark,2024-04-10,Books,432.58
882.0,Tom Wilson,2024/08/10,Groceries,494.66
883.0,Chris Taylor,03/06/2024,Electronics,153.07
884.0,Emily Davis,02/26/2024,Electronics,79.38
885.0,Emily Davis,12/30/2024,Furniture,159.86
886.0,Michael Clark,2024-03-12,Beauty,161.53
887.0,Robert Johnson,2024/05/27,Clothing,23.85
888.0,,2024/09/06,Furniture,486.24
889.0,Chris Taylor,2024/08/21,Beauty,461.67
890.0,Chris Taylor,10/09/2024,Furniture,145.42
891.0,Michael Clark,2024/05/01,Beauty,98.09
892.0,John Doe,2024/01/20,Furniture,337.69
893.0,Mary Smith,2024/03/13,Books,239.52
894.0,Tom Wilson,2024/08/26,Electronics,237.85
895.0,Mary Smith,2024/12/16,Beauty,388.95
896.0,Emily Davis,2024-09-30,Furniture,199.72
897.0,Emily Davis,08/03/2024,Groceries,109.06
898.0,Tom Wilson,10/15/2024,Electronics,296.12
899.0,Tom Wilson,2024-11-15,Groceries,216.62
900.0,Tom Wilson,2024-05-09,Beauty,104.53
901.0,,2024/02/27,Clothing,450.57
902.0,Emily Davis,03/30/2024,Books,79.91
903.0,John Doe,2024-06-24,Clothing,277.55
904.0,Chris Taylor,2024-07-15,Books,192.1
905.0,Emily Davis,2024/01/28,Groceries,365.52
906.0,Chris Taylor,08/31/2024,Furniture,360.38
907.0,Chris Taylor,2024/12/15,Furniture,211.02
908.0,John Doe,05/27/2024,Furniture,323.17
909.0,John Doe,2024/02/19,Books,144.61
910.0,Tom Wilson,06/20/2024,Groceries,391.27
911.0,Michael Clark,2024/12/11,Clothing,353.87
912.0,Emily Davis,2024/12/12,Clothing,122.3
,,2024-02-04,Furniture,3.73
914.0,Alice Brown,05/25/2024,Clothing,-31.28
915.0,Alice Brown,2024/11/02,Electronics,339.44
916.0,Robert Johnson,2024/07/11,Books,261.34
917.0,Robert Johnson,05/09/2024,Furniture,313.26
918.0,Tom Wilson,2024/08/06,Books,373.43
919.0,Mary Smith,2024-05-21,Furniture,163.72
920.0,Tom Wilson,04/01/2024,Electronics,220.45
921.0,Robert Johnson,11/26/2024,Electronics,29.13
922.0,Mary Smith,2024/08/14,Groceries,6.81
923.0,Tom Wilson,2024-08-16,Furniture,31.87
924.0,Chris Taylor,2024-05-16,Books,131.41
925.0,,12/28/2024,Furniture,189.83
926.0,Mary Smith,2024-10-03,Electronics,161.43
927.0,Mary Smith,2024/10/17,Groceries,133.39
928.0,Mary Smith,2024/07/06,Groceries,-5.75
929.0,Alice Brown,2024/03/31,Electronics,482.13
930.0,Chris Taylor,2024/02/24,Books,147.59
931.0,Alice Brown,2024-03-12,Clothing,-36.05
932.0,Chris Taylor,2024/02/02,Books,119.25
933.0,Michael Clark,2024-01-09,Groceries,-19.17
934.0,,2024-03-01,Books,317.02
935.0,Robert Johnson,2024-10-23,Electronics,-29.72
936.0,Michael Clark,2024-11-12,Clothing,335.71
937.0,John Doe,2024-06-06,Furniture,286.17
938.0,Mary Smith,02/28/2024,Beauty,389.55
939.0,Chris Taylor,2024/06/21,Books,171.1
940.0,Robert Johnson,2024-06-13,Electronics,276.2
941.0,Robert Johnson,2024-07-31,Books,153.46
942.0,John Doe,2024-03-09,Books,286.84
943.0,,2024-09-06,Electronics,-46.03
944.0,Tom Wilson,2024/08/01,Furniture,330.8
945.0,Michael Clark,2024-07-29,Clothing,285.8
946.0,Michael Clark,2024-11-09,Books,404.57
947.0,Alice Brown,2024-04-08,Beauty,487.24
948.0,Alice Brown,2024/08/25,Books,64.46
949.0,Robert Johnson,12/16/2024,Furniture,46.98
950.0,,11/26/2024,Groceries,65.27
951.0,Michael Clark,2024-01-23,Books,-21.15
952.0,John Doe,2024/09/05,Electronics,-11.03
953.0,Emily Davis,2024-08-02,Books,322.27
954.0,Emily Davis,2024-04-26,Clothing,355.76
955.0,Alice Brown,02/07/2024,Beauty,216.42
956.0,Michael Clark,04/01/2024,Groceries,25.02
957.0,Tom Wilson,04/13/2024,Clothing,-32.35
958.0,Mary Smith,08/26/2024,Furniture,44.16
959.0,Robert Johnson,2024/11/22,Clothing,267.97
960.0,Chris Taylor,09/24/2024,Clothing,275.37
961.0,Chris Taylor,2024-05-06,Groceries,188.84
962.0,Robert Johnson,2024-10-20,Furniture,489.1
963.0,John Doe,2024/08/05,Furniture,213.6
964.0,Michael Clark,2024-09-10,Electronics,257.17
,Alice Brown,03/08/2024,Groceries,81.48
966.0,,12/08/2024,Clothing,336.82
967.0,John Doe,08/20/2024,Clothing,430.81
968.0,Emily Davis,11/16/2024,Books,298.37
969.0,Emily Davis,2024-09-28,Groceries,184.25
970.0,Alice Brown,2024-12-16,Beauty,434.47
971.0,Emily Davis,2024-01-27,Furniture,151.07
972.0,Robert Johnson,2024/11/27,Books,-13.15
973.0,Emily Davis,2024/05/02,Electronics,306.97
974.0,Alice Brown,04/25/2024,Groceries,443.86
975.0,John Doe,02/02/2024,Groceries,198.83
976.0,Michael Clark,2024/12/29,Books,403.96
977.0,Emily Davis,2024/12/10,Electronics,53.59
978.0,Chris Taylor,04/01/2024,Electronics,10.15
979.0,Michael Clark,2024-03-18,Beauty,473.66
980.0,Robert Johnson,08/30/2024,Furniture,194.12
981.0,Mary Smith,2024-01-12,Beauty,304.57
982.0,Emily Davis,2024/09/05,Books,333.27
983.0,Tom Wilson,2024-10-17,Groceries,44.46
984.0,Tom Wilson,2024-01-25,Groceries,106.41
985.0,Robert Johnson,2024/12/30,Groceries,50.25
986.0,Robert Johnson,2024-03-23,Electronics,-27.37
987.0,Tom Wilson,2024-07-08,Clothing,259.37
988.0,Emily Davis,03/16/2024,Furniture,246.93
989.0,John Doe,07/26/2024,Clothing,471.28
990.0,Emily Davis,2024/11/27,Groceries,210.65
991.0,Robert Johnson,2024/10/16,Furniture,136.28
992.0,John Doe,2024/03/12,Beauty,14.28
993.0,Alice Brown,08/16/2024,Electronics,129.5
994.0,Alice Brown,2024-05-22,Electronics,-4.03
995.0,Mary Smith,09/19/2024,Clothing,219.76
996.0,John Doe,12/07/2024,Furniture,31.37
997.0,Emily Davis,01/07/2024,Groceries,143.25
998.0,Mary Smith,2024/04/20,Furniture,357.84
999.0,Robert Johnson,2024/08/05,Furniture,26.76
1000.0,Alice Brown,06/04/2024,Beauty,492.65
